<?xml version="1.0" ?>
<LOG_ROOT>
	<PROJECT NAME="cputask3new">
		<CBX_INST_ENTRY INSTANCE_NAME="|MIPS|sld_signaltap:auto_signaltap_0|sld_signaltap_impl:sld_signaltap_body|sld_signaltap_implb:sld_signaltap_body|sld_offload_buffer_mgr:\stp_non_zero_depth_offload_gen:stp_offload_buff_mgr_inst|LPM_COUNTER:read_pointer_counter" CBX_FILE_NAME="cntr_32j.tdf"/>
		<CBX_INST_ENTRY INSTANCE_NAME="|mips|Ifetch:IFE|altsyncram:inst_memory" CBX_FILE_NAME="altsyncram_r3t3.tdf"/>
		<CBX_INST_ENTRY INSTANCE_NAME="|MIPS|sld_signaltap:auto_signaltap_0|sld_signaltap_impl:sld_signaltap_body|sld_signaltap_implb:sld_signaltap_body|altdpram:\stp_non_zero_ram_gen:attribute_mem_gen:attribute_mem|lpm_decode:wdecoder" CBX_FILE_NAME="decode_rqf.tdf"/>
		<CBX_INST_ENTRY INSTANCE_NAME="|MIPS|sld_signaltap:auto_signaltap_0|sld_signaltap_impl:sld_signaltap_body|sld_signaltap_implb:sld_signaltap_body|altsyncram:\stp_non_zero_ram_gen:stp_buffer_ram" CBX_FILE_NAME="altsyncram_6t14.tdf"/>
		<CBX_INST_ENTRY INSTANCE_NAME="|MIPS|sld_signaltap:auto_signaltap_0|sld_signaltap_impl:sld_signaltap_body|sld_signaltap_implb:sld_signaltap_body|sld_offload_buffer_mgr:\stp_non_zero_depth_offload_gen:stp_offload_buff_mgr_inst|LPM_COUNTER:status_advance_pointer_counter" CBX_FILE_NAME="cntr_3ci.tdf"/>
		<CBX_INST_ENTRY INSTANCE_NAME="|MIPS|sld_signaltap:auto_signaltap_0|sld_signaltap_impl:sld_signaltap_body|sld_signaltap_implb:sld_signaltap_body|sld_offload_buffer_mgr:\stp_non_zero_depth_offload_gen:stp_offload_buff_mgr_inst|LPM_COUNTER:status_read_pointer_counter" CBX_FILE_NAME="cntr_gui.tdf"/>
		<CBX_INST_ENTRY INSTANCE_NAME="|mips|dmemory:\GEM_2:MEM|altsyncram:data_memory" CBX_FILE_NAME="altsyncram_u5v3.tdf"/>
		<CBX_INST_ENTRY INSTANCE_NAME="|MIPS|sld_signaltap:auto_signaltap_0|sld_signaltap_impl:sld_signaltap_body|sld_signaltap_implb:sld_signaltap_body|altdpram:\stp_non_zero_ram_gen:attribute_mem_gen:attribute_mem|lpm_mux:mux" CBX_FILE_NAME="mux_coc.tdf"/>
		<CBX_INST_ENTRY INSTANCE_NAME="|MIPS|sld_signaltap:auto_signaltap_0|sld_signaltap_impl:sld_signaltap_body|sld_signaltap_implb:sld_signaltap_body|sld_offload_buffer_mgr:\stp_non_zero_depth_offload_gen:stp_offload_buff_mgr_inst|LPM_COUNTER:\adv_point_3_and_more:advance_pointer_counter" CBX_FILE_NAME="cntr_ldi.tdf"/>
	</PROJECT>
</LOG_ROOT>
